Index,Demand
2013-01-01,1285138
2013-01-02,1575248
2013-01-03,1694967
2013-01-04,1700530
2013-01-05,1551110
2013-01-06,1410695
2013-01-07,1625258
2013-01-08,1651654
2013-01-09,1668998
2013-01-10,1678452
2013-01-11,1651064
2013-01-12,1479677
2013-01-13,1363158
2013-01-14,1570508
2013-01-15,1608596
2013-01-16,1607709
2013-01-17,1627230
2013-01-18,1623684
2013-01-19,1466879
2013-01-20,1343106
2013-01-21,1539531
2013-01-22,1557522
2013-01-23,1556171
2013-01-24,1575944
2013-01-25,1626457
2013-01-26,1505669
2013-01-27,1388955
2013-01-28,1587392
2013-01-29,1583735
2013-01-30,1536931
2013-01-31,1504449
2013-02-01,1494216
2013-02-02,1402494
2013-02-03,1345544
2013-02-04,1527793
2013-02-05,1594047
2013-02-06,1573775
2013-02-07,1644518
2013-02-08,1586638
2013-02-09,1264931
2013-02-10,1119540
2013-02-11,1178223
2013-02-12,1396544
2013-02-13,1534073
2013-02-14,1559608
2013-02-15,1542025
2013-02-16,1455908
2013-02-17,1327834
2013-02-18,1513832
2013-02-19,1563952
2013-02-20,1584378
2013-02-21,1571780
2013-02-22,1552322
2013-02-23,1440086
2013-02-24,1307906
2013-02-25,1487808
2013-02-26,1522279
2013-02-27,1477230
2013-02-28,1451751
2013-03-01,1378493
2013-03-02,1357992
2013-03-03,1270011
2013-03-04,1484022
2013-03-05,1510100
2013-03-06,1486277
2013-03-07,1465742
2013-03-08,1446235
2013-03-09,1307731
2013-03-10,1207412
2013-03-11,1415621
2013-03-12,1452932
2013-03-13,1460743
2013-03-14,1472195
2013-03-15,1465457
2013-03-16,1333899
2013-03-17,1214717
2013-03-18,1385480
2013-03-19,1423898
2013-03-20,1448122
2013-03-21,1483807
2013-03-22,1475236
2013-03-23,1332713
2013-03-24,1205339
2013-03-25,1419917
2013-03-26,1457589
2013-03-27,1423598
2013-03-28,1420747
2013-03-29,1415981
2013-03-30,1314253
2013-03-31,1188373
2013-04-01,1373084
2013-04-02,1438523
2013-04-03,1413204
2013-04-04,1392803
2013-04-05,1364878
2013-04-06,1298842
2013-04-07,1198624
2013-04-08,1376320
2013-04-09,1421442
2013-04-10,1440511
2013-04-11,1441892
2013-04-12,1426839
2013-04-13,1291910
2013-04-14,1174744
2013-04-15,1377783
2013-04-16,1384093
2013-04-17,1378696
2013-04-18,1372860
2013-04-19,1372449
2013-04-20,1305794
2013-04-21,1174750
2013-04-22,1334510
2013-04-23,1391314
2013-04-24,1360850
2013-04-25,1377558
2013-04-26,1365232
2013-04-27,1256053
2013-04-28,1146006
2013-04-29,1312981
2013-04-30,1338376
2013-05-01,1236197
2013-05-02,1322240
2013-05-03,1340817
2013-05-04,1225858
2013-05-05,1120508
2013-05-06,1282828
2013-05-07,1330220
2013-05-08,1321724
2013-05-09,1333067
2013-05-10,1346061
2013-05-11,1229020
2013-05-12,1122065
2013-05-13,1292584
2013-05-14,1333351
2013-05-15,1336049
2013-05-16,1328371
2013-05-17,1234845
2013-05-18,1182988
2013-05-19,1114533
2013-05-20,1282794
2013-05-21,1325568
2013-05-22,1332226
2013-05-23,1348291
2013-05-24,1348696
2013-05-25,1259147
2013-05-26,1144096
2013-05-27,1316203
2013-05-28,1364371
2013-05-29,1348171
2013-05-30,1338600
2013-05-31,1332421
2013-06-01,1228492
2013-06-02,1128346
2013-06-03,1305373
2013-06-04,1364208
2013-06-05,1375370
2013-06-06,1319938
2013-06-07,1361577
2013-06-08,1278731
2013-06-09,1166037
2013-06-10,1362587
2013-06-11,1404452
2013-06-12,1395552
2013-06-13,1404364
2013-06-14,1412230
2013-06-15,1309068
2013-06-16,1179241
2013-06-17,1367364
2013-06-18,1420708
2013-06-19,1422308
2013-06-20,1428807
2013-06-21,1422722
2013-06-22,1318130
2013-06-23,1175918
2013-06-24,1368530
2013-06-25,1422032
2013-06-26,1415984
2013-06-27,1429830
2013-06-28,1422488
2013-06-29,1316475
2013-06-30,1211553
2013-07-01,1397581
2013-07-02,1454619
2013-07-03,1449455
2013-07-04,1461687
2013-07-05,1442141
2013-07-06,1333640
2013-07-07,1225596
2013-07-08,1419420
2013-07-09,1470086
2013-07-10,1479478
2013-07-11,1488400
2013-07-12,1470927
2013-07-13,1365857
2013-07-14,1249572
2013-07-15,1453919
2013-07-16,1497233
2013-07-17,1481563
2013-07-18,1497070
2013-07-19,1503866
2013-07-20,1389830
2013-07-21,1282690
2013-07-22,1465253
2013-07-23,1487040
2013-07-24,1468805
2013-07-25,1474352
2013-07-26,1475515
2013-07-27,1353507
2013-07-28,1247668
2013-07-29,1409603
2013-07-30,1418970
2013-07-31,1394569
2013-08-01,1368281
2013-08-02,1357917
2013-08-03,1300430
2013-08-04,1264029
2013-08-05,1412510
2013-08-06,1454728
2013-08-07,1498258
2013-08-08,1537446
2013-08-09,1554745
2013-08-10,1444877
2013-08-11,1338456
2013-08-12,1520601
2013-08-13,1553512
2013-08-14,1549250
2013-08-15,1483440
2013-08-16,1539167
2013-08-17,1444067
2013-08-18,1348010
2013-08-19,1526377
2013-08-20,1544170
2013-08-21,1536313
2013-08-22,1551764
2013-08-23,1498554
2013-08-24,1354217
2013-08-25,1224510
2013-08-26,1408772
2013-08-27,1455253
2013-08-28,1455852
2013-08-29,1472540
2013-08-30,1441799
2013-08-31,1296981
2013-09-01,1177508
2013-09-02,1342046
2013-09-03,1372004
2013-09-04,1370862
2013-09-05,1369255
2013-09-06,1361238
2013-09-07,1269482
2013-09-08,1167655
2013-09-09,1346802
2013-09-10,1404765
2013-09-11,1411830
2013-09-12,1423186
2013-09-13,1437230
2013-09-14,1332827
2013-09-15,1229169
2013-09-16,1326050
2013-09-17,1297106
2013-09-18,1062188
2013-09-19,952622
2013-09-20,996793
2013-09-21,1070802
2013-09-22,1120260
2013-09-23,1334869
2013-09-24,1403385
2013-09-25,1369674
2013-09-26,1349459
2013-09-27,1345244
2013-09-28,1264678
2013-09-29,1174984
2013-09-30,1323984
2013-10-01,1374702
2013-10-02,1370448
2013-10-03,1288093
2013-10-04,1333685
2013-10-05,1260572
2013-10-06,1167020
2013-10-07,1353902
2013-10-08,1393682
2013-10-09,1324851
2013-10-10,1376917
2013-10-11,1361407
2013-10-12,1241145
2013-10-13,1136952
2013-10-14,1312861
2013-10-15,1361658
2013-10-16,1354104
2013-10-17,1365176
2013-10-18,1362913
2013-10-19,1261203
2013-10-20,1149551
2013-10-21,1311389
2013-10-22,1364077
2013-10-23,1364547
2013-10-24,1368728
2013-10-25,1366840
2013-10-26,1258834
2013-10-27,1156825
2013-10-28,1336852
2013-10-29,1392156
2013-10-30,1385753
2013-10-31,1392431
2013-11-01,1361609
2013-11-02,1271604
2013-11-03,1170044
2013-11-04,1338337
2013-11-05,1383948
2013-11-06,1399526
2013-11-07,1389771
2013-11-08,1400021
2013-11-09,1296811
2013-11-10,1194614
2013-11-11,1406863
2013-11-12,1471880
2013-11-13,1474140
2013-11-14,1489098
2013-11-15,1461074
2013-11-16,1350214
2013-11-17,1243036
2013-11-18,1482521
2013-11-19,1544296
2013-11-20,1543665
2013-11-21,1536567
2013-11-22,1520729
2013-11-23,1390859
2013-11-24,1267149
2013-11-25,1477772
2013-11-26,1545326
2013-11-27,1567516
2013-11-28,1603955
2013-11-29,1581294
2013-11-30,1418177
2013-12-01,1282016
2013-12-02,1506047
2013-12-03,1530432
2013-12-04,1531544
2013-12-05,1537624
2013-12-06,1534997
2013-12-07,1410687
2013-12-08,1290852
2013-12-09,1514427
2013-12-10,1556697
2013-12-11,1582224
2013-12-12,1603254
2013-12-13,1620489
2013-12-14,1483296
2013-12-15,1358210
2013-12-16,1604910
2013-12-17,1624578
2013-12-18,1590206
2013-12-19,1625910
2013-12-20,1632742
2013-12-21,1488032
2013-12-22,1363149
2013-12-23,1573744
2013-12-24,1604123
2013-12-25,1447428
2013-12-26,1589155
2013-12-27,1620495
2013-12-28,1496116
2013-12-29,1377010
2013-12-30,1523327
2013-12-31,1455955
2014-01-01,1243046
2014-01-02,1473867
2014-01-03,1541382
2014-01-04,1432457
2014-01-05,1328493
2014-01-06,1551694
2014-01-07,1592586
2014-01-08,1598149
2014-01-09,1662717
2014-01-10,1661358
2014-01-11,1499481
2014-01-12,1374060
2014-01-13,1622787
2014-01-14,1663664
2014-01-15,1651200
2014-01-16,1642340
2014-01-17,1627998
2014-01-18,1509664
2014-01-19,1386228
2014-01-20,1595180
2014-01-21,1668418
2014-01-22,1655342
2014-01-23,1637943
2014-01-24,1596400
2014-01-25,1455339
2014-01-26,1356763
2014-01-27,1559488
2014-01-28,1562477
2014-01-29,1470279
2014-01-30,1178960
2014-01-31,1067664
2014-02-01,1103438
2014-02-02,1148481
2014-02-03,1465144
2014-02-04,1638772
2014-02-05,1657167
2014-02-06,1637289
2014-02-07,1607658
2014-02-08,1472712
2014-02-09,1355131
2014-02-10,1578750
2014-02-11,1607663
2014-02-12,1596144
2014-02-13,1596683
2014-02-14,1576384
2014-02-15,1439094
2014-02-16,1311311
2014-02-17,1519535
2014-02-18,1567619
2014-02-19,1568364
2014-02-20,1571628
2014-02-21,1562082
2014-02-22,1434177
2014-02-23,1302526
2014-02-24,1490061
2014-02-25,1509075
2014-02-26,1506075
2014-02-27,1478763
2014-02-28,1477905
2014-03-01,1353424
2014-03-02,1250457
2014-03-03,1469783
2014-03-04,1528061
2014-03-05,1540016
2014-03-06,1568706
2014-03-07,1574561
2014-03-08,1436885
2014-03-09,1308831
2014-03-10,1531935
2014-03-11,1552494
2014-03-12,1553462
2014-03-13,1559938
2014-03-14,1533765
2014-03-15,1400099
2014-03-16,1238294
2014-03-17,1418894
2014-03-18,1441445
2014-03-19,1466056
2014-03-20,1491157
2014-03-21,1493805
2014-03-22,1367612
2014-03-23,1233326
2014-03-24,1406025
2014-03-25,1436637
2014-03-26,1423338
2014-03-27,1419768
2014-03-28,1398795
2014-03-29,1314698
2014-03-30,1187633
2014-03-31,1351854
2014-04-01,1390184
2014-04-02,1387970
2014-04-03,1409377
2014-04-04,1425829
2014-04-05,1330850
2014-04-06,1215163
2014-04-07,1384567
2014-04-08,1412337
2014-04-09,1408508
2014-04-10,1408253
2014-04-11,1403307
2014-04-12,1303548
2014-04-13,1184968
2014-04-14,1349617
2014-04-15,1388610
2014-04-16,1387482
2014-04-17,1401065
2014-04-18,1395113
2014-04-19,1297390
2014-04-20,1172188
2014-04-21,1330463
2014-04-22,1372134
2014-04-23,1366604
2014-04-24,1371535
2014-04-25,1365505
2014-04-26,1265065
2014-04-27,1166382
2014-04-28,1349759
2014-04-29,1384153
2014-04-30,1363571
2014-05-01,1265438
2014-05-02,1297495
2014-05-03,1210051
2014-05-04,1119877
2014-05-05,1140838
2014-05-06,1193759
2014-05-07,1326246
2014-05-08,1368562
2014-05-09,1362428
2014-05-10,1276189
2014-05-11,1165379
2014-05-12,1326701
2014-05-13,1371947
2014-05-14,1368331
2014-05-15,1370346
2014-05-16,1369635
2014-05-17,1272284
2014-05-18,1159405
2014-05-19,1330991
2014-05-20,1378521
2014-05-21,1372995
2014-05-22,1378059
2014-05-23,1378970
2014-05-24,1280501
2014-05-25,1163999
2014-05-26,1329293
2014-05-27,1386943
2014-05-28,1406222
2014-05-29,1418705
2014-05-30,1422995
2014-05-31,1327082
2014-06-01,1205976
2014-06-02,1359982
2014-06-03,1385072
2014-06-04,1339879
2014-06-05,1364798
2014-06-06,1298051
2014-06-07,1239461
2014-06-08,1161267
2014-06-09,1352136
2014-06-10,1414319
2014-06-11,1398444
2014-06-12,1400507
2014-06-13,1396440
2014-06-14,1301082
2014-06-15,1192030
2014-06-16,1378906
2014-06-17,1439596
2014-06-18,1439018
2014-06-19,1430779
2014-06-20,1436970
2014-06-21,1317456
2014-06-22,1197235
2014-06-23,1372726
2014-06-24,1424671
2014-06-25,1439496
2014-06-26,1450686
2014-06-27,1445775
2014-06-28,1331950
2014-06-29,1218578
2014-06-30,1417383
2014-07-01,1472574
2014-07-02,1472448
2014-07-03,1437937
2014-07-04,1455854
2014-07-05,1347065
2014-07-06,1222983
2014-07-07,1422288
2014-07-08,1490455
2014-07-09,1525219
2014-07-10,1536063
2014-07-11,1515035
2014-07-12,1384222
2014-07-13,1257590
2014-07-14,1469814
2014-07-15,1516783
2014-07-16,1517124
2014-07-17,1511181
2014-07-18,1503740
2014-07-19,1412677
2014-07-20,1313711
2014-07-21,1507834
2014-07-22,1543178
2014-07-23,1524693
2014-07-24,1521094
2014-07-25,1571063
2014-07-26,1389007
2014-07-27,1260778
2014-07-28,1432378
2014-07-29,1472876
2014-07-30,1511827
2014-07-31,1511149
2014-08-01,1455878
2014-08-02,1334351
2014-08-03,1244369
2014-08-04,1333714
2014-08-05,1386266
2014-08-06,1395470
2014-08-07,1379301
2014-08-08,1373350
2014-08-09,1287714
2014-08-10,1213607
2014-08-11,1388025
2014-08-12,1463060
2014-08-13,1447849
2014-08-14,1409947
2014-08-15,1352498
2014-08-16,1309840
2014-08-17,1226788
2014-08-18,1385777
2014-08-19,1444783
2014-08-20,1462161
2014-08-21,1465176
2014-08-22,1453932
2014-08-23,1349274
2014-08-24,1250269
2014-08-25,1432069
2014-08-26,1484856
2014-08-27,1458512
2014-08-28,1448248
2014-08-29,1446314
2014-08-30,1331477
2014-08-31,1222362
2014-09-01,1410898
2014-09-02,1443536
2014-09-03,1434123
2014-09-04,1444215
2014-09-05,1419502
2014-09-06,1241267
2014-09-07,1080720
2014-09-08,982677
2014-09-09,1014137
2014-09-10,1125011
2014-09-11,1330919
2014-09-12,1404404
2014-09-13,1311565
2014-09-14,1203879
2014-09-15,1390776
2014-09-16,1417774
2014-09-17,1403150
2014-09-18,1405232
2014-09-19,1395421
2014-09-20,1285193
2014-09-21,1179076
2014-09-22,1362599
2014-09-23,1408812
2014-09-24,1408462
2014-09-25,1411463
2014-09-26,1393264
2014-09-27,1284275
2014-09-28,1190532
2014-09-29,1369475
2014-09-30,1392332
2014-10-01,1369594
2014-10-02,1374614
2014-10-03,1281628
2014-10-04,1207682
2014-10-05,1113314
2014-10-06,1316886
2014-10-07,1369132
2014-10-08,1364934
2014-10-09,1321631
2014-10-10,1357917
2014-10-11,1257512
2014-10-12,1170722
2014-10-13,1345565
2014-10-14,1379804
2014-10-15,1379705
2014-10-16,1389621
2014-10-17,1389169
2014-10-18,1284139
2014-10-19,1181597
2014-10-20,1372667
2014-10-21,1421640
2014-10-22,1411839
2014-10-23,1404539
2014-10-24,1401895
2014-10-25,1296653
2014-10-26,1188016
2014-10-27,1353600
2014-10-28,1419545
2014-10-29,1424170
2014-10-30,1425445
2014-10-31,1430367
2014-11-01,1298764
2014-11-02,1196169
2014-11-03,1376958
2014-11-04,1419258
2014-11-05,1416593
2014-11-06,1423048
2014-11-07,1425404
2014-11-08,1325433
2014-11-09,1210211
2014-11-10,1395118
2014-11-11,1440519
2014-11-12,1462322
2014-11-13,1524974
2014-11-14,1513014
2014-11-15,1388605
2014-11-16,1266384
2014-11-17,1459343
2014-11-18,1513048
2014-11-19,1520164
2014-11-20,1502000
2014-11-21,1488931
2014-11-22,1378945
2014-11-23,1268097
2014-11-24,1469643
2014-11-25,1496197
2014-11-26,1481162
2014-11-27,1480874
2014-11-28,1500676
2014-11-29,1361603
2014-11-30,1266435
2014-12-01,1509860
2014-12-02,1628286
2014-12-03,1633085
2014-12-04,1646706
2014-12-05,1666042
2014-12-06,1537225
2014-12-07,1412106
2014-12-08,1622979
2014-12-09,1672413
2014-12-10,1645435
2014-12-11,1641792
2014-12-12,1662107
2014-12-13,1531408
2014-12-14,1414548
2014-12-15,1635090
2014-12-16,1694705
2014-12-17,1742373
2014-12-18,1741721
2014-12-19,1719764
2014-12-20,1535253
2014-12-21,1438990
2014-12-22,1673457
2014-12-23,1684175
2014-12-24,1628300
2014-12-25,1497764
2014-12-26,1613005
2014-12-27,1494607
2014-12-28,1391863
2014-12-29,1572163
2014-12-30,1567631
2014-12-31,1524704
2015-01-01,1346548
2015-01-02,1535596
2015-01-03,1472260
2015-01-04,1361602
2015-01-05,1581051
2015-01-06,1632980
2015-01-07,1686738
2015-01-08,1693323
2015-01-09,1676199
2015-01-10,1514689
2015-01-11,1385476
2015-01-12,1632659
2015-01-13,1661690
2015-01-14,1643495
2015-01-15,1623420
2015-01-16,1647062
2015-01-17,1520009
2015-01-18,1398641
2015-01-19,1601823
2015-01-20,1648447
2015-01-21,1637628
2015-01-22,1615237
2015-01-23,1610976
2015-01-24,1462877
2015-01-25,1354613
2015-01-26,1552996
2015-01-27,1624981
2015-01-28,1649620
2015-01-29,1651041
2015-01-30,1638809
2015-01-31,1509114
2015-02-01,1376597
2015-02-02,1605103
2015-02-03,1644311
2015-02-04,1636417
2015-02-05,1643587
2015-02-06,1628155
2015-02-07,1492013
2015-02-08,1419661
2015-02-09,1676507
2015-02-10,1650700
2015-02-11,1621062
2015-02-12,1638253
2015-02-13,1642453
2015-02-14,1507170
2015-02-15,1382293
2015-02-16,1545492
2015-02-17,1488280
2015-02-18,1221197
2015-02-19,1091517
2015-02-20,1131140
2015-02-21,1196241
2015-02-22,1241531
2015-02-23,1511170
2015-02-24,1549520
2015-02-25,1544298
2015-02-26,1556405
2015-02-27,1600944
2015-02-28,1464154
2015-03-01,1330126
2015-03-02,1532012
2015-03-03,1603487
2015-03-04,1631246
2015-03-05,1623150
2015-03-06,1586623
2015-03-07,1427579
2015-03-08,1289516
2015-03-09,1507393
2015-03-10,1641144
2015-03-11,1609443
2015-03-12,1589739
2015-03-13,1563879
2015-03-14,1419061
2015-03-15,1287279
2015-03-16,1467866
2015-03-17,1493330
2015-03-18,1508710
2015-03-19,1467652
2015-03-20,1446183
2015-03-21,1324125
2015-03-22,1218391
2015-03-23,1445165
2015-03-24,1497644
2015-03-25,1492736
2015-03-26,1478183
2015-03-27,1466033
2015-03-28,1336695
2015-03-29,1214397
2015-03-30,1384983
2015-03-31,1450258
2015-04-01,1444717
2015-04-02,1442898
2015-04-03,1432135
2015-04-04,1318399
2015-04-05,1223253
2015-04-06,1420515
2015-04-07,1471841
2015-04-08,1472099
2015-04-09,1458809
2015-04-10,1436204
2015-04-11,1308587
2015-04-12,1205478
2015-04-13,1407175
2015-04-14,1459840
2015-04-15,1435547
2015-04-16,1449224
2015-04-17,1423254
2015-04-18,1310231
2015-04-19,1218770
2015-04-20,1404551
2015-04-21,1416530
2015-04-22,1410306
2015-04-23,1405939
2015-04-24,1389174
2015-04-25,1272470
2015-04-26,1164115
2015-04-27,1337578
2015-04-28,1385359
2015-04-29,1398128
2015-04-30,1379421
2015-05-01,1251750
2015-05-02,1196316
2015-05-03,1145997
2015-05-04,1252813
2015-05-05,1228456
2015-05-06,1336279
2015-05-07,1364515
2015-05-08,1365817
2015-05-09,1264378
2015-05-10,1152632
2015-05-11,1334330
2015-05-12,1370926
2015-05-13,1371072
2015-05-14,1390598
2015-05-15,1396710
2015-05-16,1270537
2015-05-17,1157766
2015-05-18,1337424
2015-05-19,1386952
2015-05-20,1376565
2015-05-21,1388880
2015-05-22,1386714
2015-05-23,1276870
2015-05-24,1157191
2015-05-25,1223823
2015-05-26,1375348
2015-05-27,1407415
2015-05-28,1423703
2015-05-29,1425025
2015-05-30,1299294
2015-05-31,1182108
2015-06-01,1363999
2015-06-02,1416396
2015-06-03,1405205
2015-06-04,1414075
2015-06-05,1380839
2015-06-06,1269246
2015-06-07,1179584
2015-06-08,1366129
2015-06-09,1420933
2015-06-10,1443147
2015-06-11,1442842
2015-06-12,1446272
2015-06-13,1334531
2015-06-14,1217639
2015-06-15,1417682
2015-06-16,1463594
2015-06-17,1448871
2015-06-18,1454059
2015-06-19,1444837
2015-06-20,1308554
2015-06-21,1205332
2015-06-22,1394616
2015-06-23,1452541
2015-06-24,1461355
2015-06-25,1455393
2015-06-26,1431843
2015-06-27,1320772
2015-06-28,1210423
2015-06-29,1409370
2015-06-30,1443808
2015-07-01,1428569
2015-07-02,1438991
2015-07-03,1434851
2015-07-04,1297982
2015-07-05,1204415
2015-07-06,1401865
2015-07-07,1437916
2015-07-08,1440687
2015-07-09,1467240
2015-07-10,1499150
2015-07-11,1408457
2015-07-12,1272746
2015-07-13,1418700
2015-07-14,1493914
2015-07-15,1516013
2015-07-16,1460662
2015-07-17,1419690
2015-07-18,1320178
2015-07-19,1238097
2015-07-20,1465515
2015-07-21,1530796
2015-07-22,1553730
2015-07-23,1562439
2015-07-24,1526034
2015-07-25,1403791
2015-07-26,1304757
2015-07-27,1505826
2015-07-28,1573160
2015-07-29,1567256
2015-07-30,1586689
2015-07-31,1544424
2015-08-01,1371564
2015-08-02,1289879
2015-08-03,1378171
2015-08-04,1407699
2015-08-05,1453711
2015-08-06,1534813
2015-08-07,1571390
2015-08-08,1457260
2015-08-09,1350506
2015-08-10,1546153
2015-08-11,1576303
2015-08-12,1535923
2015-08-13,1548437
2015-08-14,1477923
2015-08-15,1406172
2015-08-16,1317439
2015-08-17,1506537
2015-08-18,1568654
2015-08-19,1563486
2015-08-20,1556858
2015-08-21,1526862
2015-08-22,1403821
2015-08-23,1290594
2015-08-24,1491759
2015-08-25,1462464
2015-08-26,1448637
2015-08-27,1476539
2015-08-28,1482404
2015-08-29,1363746
2015-08-30,1264004
2015-08-31,1470345
2015-09-01,1517330
2015-09-02,1512132
2015-09-03,1511603
2015-09-04,1509110
2015-09-05,1368129
2015-09-06,1223944
2015-09-07,1402955
2015-09-08,1435614
2015-09-09,1430319
2015-09-10,1444842
2015-09-11,1449861
2015-09-12,1313746
2015-09-13,1185693
2015-09-14,1384442
2015-09-15,1429424
2015-09-16,1424694
2015-09-17,1432941
2015-09-18,1428526
2015-09-19,1325780
2015-09-20,1224104
2015-09-21,1404030
2015-09-22,1451616
2015-09-23,1438410
2015-09-24,1438439
2015-09-25,1357914
2015-09-26,1099126
2015-09-27,976416
2015-09-28,1016465
2015-09-29,1091002
2015-09-30,1291620
2015-10-01,1395220
2015-10-02,1370819
2015-10-03,1275454
2015-10-04,1173444
2015-10-05,1344806
2015-10-06,1399108
2015-10-07,1400979
2015-10-08,1394374
2015-10-09,1313359
2015-10-10,1239608
2015-10-11,1172688
2015-10-12,1344691
2015-10-13,1392222
2015-10-14,1400998
2015-10-15,1405507
2015-10-16,1405668
2015-10-17,1292277
2015-10-18,1184528
2015-10-19,1352665
2015-10-20,1407546
2015-10-21,1408555
2015-10-22,1403520
2015-10-23,1390971
2015-10-24,1278000
2015-10-25,1168001
2015-10-26,1348386
2015-10-27,1406640
2015-10-28,1400762
2015-10-29,1411802
2015-10-30,1417560
2015-10-31,1316101
2015-11-01,1226023
2015-11-02,1388212
2015-11-03,1430236
2015-11-04,1429600
2015-11-05,1423322
2015-11-06,1426551
2015-11-07,1331537
2015-11-08,1227288
2015-11-09,1398753
2015-11-10,1445507
2015-11-11,1436463
2015-11-12,1437318
2015-11-13,1458107
2015-11-14,1329169
2015-11-15,1222467
2015-11-16,1411010
2015-11-17,1445556
2015-11-18,1469265
2015-11-19,1474443
2015-11-20,1453591
2015-11-21,1350682
2015-11-22,1235348
2015-11-23,1437045
2015-11-24,1493427
2015-11-25,1530826
2015-11-26,1591069
2015-11-27,1610361
2015-11-28,1453058
2015-11-29,1329526
2015-11-30,1516900
2015-12-01,1566026
2015-12-02,1571771
2015-12-03,1618961
2015-12-04,1625220
2015-12-05,1447699
2015-12-06,1338568
2015-12-07,1568164
2015-12-08,1591412
2015-12-09,1577740
2015-12-10,1572486
2015-12-11,1559054
2015-12-12,1421885
2015-12-13,1307344
2015-12-14,1534800
2015-12-15,1570313
2015-12-16,1614617
2015-12-17,1663462
2015-12-18,1670152
2015-12-19,1486380
2015-12-20,1378322
2015-12-21,1580184
2015-12-22,1601366
2015-12-23,1569778
2015-12-24,1568819
2015-12-25,1428938
2015-12-26,1386902
2015-12-27,1351930
2015-12-28,1616397
2015-12-29,1646047
2015-12-30,1602072
2015-12-31,1499473
2016-01-01,1284820
2016-01-02,1288206
2016-01-03,1288884
2016-01-04,1529879
2016-01-05,1642845
2016-01-06,1653620
2016-01-07,1662826
2016-01-08,1664238
2016-01-09,1511908
2016-01-10,1378322
2016-01-11,1627908
2016-01-12,1690359
2016-01-13,1701171
2016-01-14,1690806
2016-01-15,1663544
2016-01-16,1511258
2016-01-17,1391399
2016-01-18,1664511
2016-01-19,1778284
2016-01-20,1776029
2016-01-21,1773037
2016-01-22,1759752
2016-01-23,1624048
2016-01-24,1528431
2016-01-25,1759534
2016-01-26,1759914
2016-01-27,1712525
2016-01-28,1724720
2016-01-29,1691817
2016-01-30,1526983
2016-01-31,1424741
2016-02-01,1686044
2016-02-02,1734135
2016-02-03,1716698
2016-02-04,1694008
2016-02-05,1646052
2016-02-06,1437080
2016-02-07,1260980
2016-02-08,1145143
2016-02-09,1179828
2016-02-10,1276638
2016-02-11,1503132
2016-02-12,1542849
2016-02-13,1395753
2016-02-14,1354341
2016-02-15,1633136
2016-02-16,1671605
2016-02-17,1634441
2016-02-18,1620803
2016-02-19,1604086
2016-02-20,1456749
2016-02-21,1359199
2016-02-22,1584251
2016-02-23,1600683
2016-02-24,1642215
2016-02-25,1637613
2016-02-26,1609529
2016-02-27,1435753
2016-02-28,1341760
2016-02-29,1597737
2016-03-01,1514419
2016-03-02,1610985
2016-03-03,1572896
2016-03-04,1542358
2016-03-05,1388102
2016-03-06,1257996
2016-03-07,1476216
2016-03-08,1559077
2016-03-09,1578013
2016-03-10,1597632
2016-03-11,1599292
2016-03-12,1444273
2016-03-13,1316583
2016-03-14,1529494
2016-03-15,1551071
2016-03-16,1510204
2016-03-17,1505158
2016-03-18,1493161
2016-03-19,1350465
2016-03-20,1240733
2016-03-21,1427374
2016-03-22,1466972
2016-03-23,1474805
2016-03-24,1499130
2016-03-25,1500530
2016-03-26,1372360
2016-03-27,1250818
2016-03-28,1434930
2016-03-29,1473335
2016-03-30,1446192
2016-03-31,1446476
2016-04-01,1423859
2016-04-02,1303063
2016-04-03,1227392
2016-04-04,1405071
2016-04-05,1423860
2016-04-06,1433700
2016-04-07,1445163
2016-04-08,1427332
2016-04-09,1309033
2016-04-10,1203208
2016-04-11,1388951
2016-04-12,1425254
2016-04-13,1379714
2016-04-14,1415287
2016-04-15,1409269
2016-04-16,1309306
2016-04-17,1193823
2016-04-18,1364115
2016-04-19,1408546
2016-04-20,1410945
2016-04-21,1432632
2016-04-22,1401884
2016-04-23,1287677
2016-04-24,1176942
2016-04-25,1344026
2016-04-26,1397338
2016-04-27,1419444
2016-04-28,1405486
2016-04-29,1387917
2016-04-30,1265681
2016-05-01,1155965
2016-05-02,1347619
2016-05-03,1415569
2016-05-04,1374958
2016-05-05,1290924
2016-05-06,1295386
2016-05-07,1218906
2016-05-08,1155920
2016-05-09,1353374
2016-05-10,1417876
2016-05-11,1398741
2016-05-12,1400011
2016-05-13,1397529
2016-05-14,1266911
2016-05-15,1186533
2016-05-16,1343028
2016-05-17,1398332
2016-05-18,1409352
2016-05-19,1425273
2016-05-20,1422181
2016-05-21,1299717
2016-05-22,1200055
2016-05-23,1389323
2016-05-24,1424489
2016-05-25,1412974
2016-05-26,1428993
2016-05-27,1429370
2016-05-28,1307220
2016-05-29,1206686
2016-05-30,1393033
2016-05-31,1442613
2016-06-01,1430897
2016-06-02,1439329
2016-06-03,1435543
2016-06-04,1303009
2016-06-05,1203403
2016-06-06,1275670
2016-06-07,1412774
2016-06-08,1439225
2016-06-09,1458627
2016-06-10,1468098
2016-06-11,1354962
2016-06-12,1251736
2016-06-13,1427258
2016-06-14,1473235
2016-06-15,1457121
2016-06-16,1457356
2016-06-17,1459406
2016-06-18,1350169
2016-06-19,1253269
2016-06-20,1455576
2016-06-21,1509796
2016-06-22,1512075
2016-06-23,1521230
2016-06-24,1490982
2016-06-25,1327848
2016-06-26,1236978
2016-06-27,1436378
2016-06-28,1489863
2016-06-29,1494873
2016-06-30,1517901
2016-07-01,1516439
2016-07-02,1370526
2016-07-03,1257418
2016-07-04,1442039
2016-07-05,1530207
2016-07-06,1512906
2016-07-07,1523941
2016-07-08,1550893
2016-07-09,1436070
2016-07-10,1329760
2016-07-11,1562066
2016-07-12,1586492
2016-07-13,1585599
2016-07-14,1588195
2016-07-15,1559073
2016-07-16,1384824
2016-07-17,1267858
2016-07-18,1468265
2016-07-19,1557906
2016-07-20,1581477
2016-07-21,1582053
2016-07-22,1605657
2016-07-23,1496673
2016-07-24,1408284
2016-07-25,1632320
2016-07-26,1676528
2016-07-27,1667958
2016-07-28,1660125
2016-07-29,1615301
2016-07-30,1468505
2016-07-31,1386870
2016-08-01,1450151
2016-08-02,1447943
2016-08-03,1461990
2016-08-04,1555643
2016-08-05,1604951
2016-08-06,1530858
2016-08-07,1455380
2016-08-08,1677622
2016-08-09,1709606
2016-08-10,1713819
2016-08-11,1744030
2016-08-12,1753002
2016-08-13,1605902
2016-08-14,1480887
2016-08-15,1534015
2016-08-16,1693927
2016-08-17,1711696
2016-08-18,1726418
2016-08-19,1714876
2016-08-20,1565359
2016-08-21,1451340
2016-08-22,1684198
2016-08-23,1706805
2016-08-24,1678647
2016-08-25,1675132
2016-08-26,1532234
2016-08-27,1348593
2016-08-28,1227479
2016-08-29,1400071
2016-08-30,1437900
2016-08-31,1430508
2016-09-01,1506013
2016-09-02,1502743
2016-09-03,1388429
2016-09-04,1299746
2016-09-05,1527345
2016-09-06,1559916
2016-09-07,1550347
2016-09-08,1537612
2016-09-09,1534644
2016-09-10,1411263
2016-09-11,1306909
2016-09-12,1463263
2016-09-13,1422179
2016-09-14,1151847
2016-09-15,1038368
2016-09-16,1090255
2016-09-17,1135491
2016-09-18,1182769
2016-09-19,1381836
2016-09-20,1414223
2016-09-21,1411478
2016-09-22,1431620
2016-09-23,1435950
2016-09-24,1323632
2016-09-25,1224429
2016-09-26,1422693
2016-09-27,1486149
2016-09-28,1468352
2016-09-29,1442985
2016-09-30,1419317
2016-10-01,1304095
2016-10-02,1207778
2016-10-03,1295716
2016-10-04,1422833
2016-10-05,1434578
2016-10-06,1424195
2016-10-07,1428461
2016-10-08,1307461
2016-10-09,1171951
2016-10-10,1357597
2016-10-11,1423877
2016-10-12,1414170
2016-10-13,1427553
2016-10-14,1415770
2016-10-15,1300470
2016-10-16,1213745
2016-10-17,1380443
2016-10-18,1429282
2016-10-19,1426535
2016-10-20,1435528
2016-10-21,1431889
2016-10-22,1307601
2016-10-23,1211909
2016-10-24,1378841
2016-10-25,1443100
2016-10-26,1437787
2016-10-27,1436970
2016-10-28,1440520
2016-10-29,1328598
2016-10-30,1219969
2016-10-31,1454346
2016-11-01,1512140
2016-11-02,1520390
2016-11-03,1505140
2016-11-04,1483782
2016-11-05,1340402
2016-11-06,1238273
2016-11-07,1413284
2016-11-08,1488638
2016-11-09,1520775
2016-11-10,1536499
2016-11-11,1491212
2016-11-12,1353106
2016-11-13,1256408
2016-11-14,1441183
2016-11-15,1489134
2016-11-16,1516690
2016-11-17,1500863
2016-11-18,1505827
2016-11-19,1372228
2016-11-20,1252026
2016-11-21,1472063
2016-11-22,1544788
2016-11-23,1583033
2016-11-24,1619623
2016-11-25,1605145
2016-11-26,1493154
2016-11-27,1352213
2016-11-28,1569833
2016-11-29,1615636
2016-11-30,1602051
2016-12-01,1586518
2016-12-02,1600175
2016-12-03,1450379
2016-12-04,1344558
2016-12-05,1548315
2016-12-06,1627370
2016-12-07,1649980
2016-12-08,1641712
2016-12-09,1616194
2016-12-10,1498253
2016-12-11,1387592
2016-12-12,1627022
2016-12-13,1644573
2016-12-14,1681324
2016-12-15,1717081
2016-12-16,1725591
2016-12-17,1521158
2016-12-18,1389501
2016-12-19,1605170
2016-12-20,1603998
2016-12-21,1607410
2016-12-22,1610666
2016-12-23,1660394
2016-12-24,1501606
2016-12-25,1363099
2016-12-26,1617214
2016-12-27,1668604
2016-12-28,1677754
2016-12-29,1685822
2016-12-30,1638666
2016-12-31,1430005
2017-01-01,1303930
2017-01-02,1540532
2017-01-03,1620086
2017-01-04,1626036
2017-01-05,1648363
2017-01-06,1603387
2017-01-07,1473027
2017-01-08,1336810
2017-01-09,1582010
2017-01-10,1674247
2017-01-11,1705594
2017-01-12,1701633
2017-01-13,1733994
2017-01-14,1601412
2017-01-15,1478495
2017-01-16,1715023
2017-01-17,1755991
2017-01-18,1730294
2017-01-19,1724013
2017-01-20,1749676
2017-01-21,1612896
2017-01-22,1494974
2017-01-23,1768385
2017-01-24,1796852
2017-01-25,1764725
2017-01-26,1652895
2017-01-27,1314356
2017-01-28,1191499
2017-01-29,1243647
2017-01-30,1340882
2017-01-31,1631632
2017-02-01,1714899
2017-02-02,1729474
2017-02-03,1683954
2017-02-04,1526216
2017-02-05,1403907
2017-02-06,1657581
2017-02-07,1707867
2017-02-08,1707040
2017-02-09,1738034
2017-02-10,1754838
2017-02-11,1576850
2017-02-12,1427750
2017-02-13,1671338
2017-02-14,1686409
2017-02-15,1673627
2017-02-16,1640228
2017-02-17,1613877
2017-02-18,1506329
2017-02-19,1386871
2017-02-20,1608573
2017-02-21,1665854
2017-02-22,1673689
2017-02-23,1658524
2017-02-24,1655081
2017-02-25,1471871
2017-02-26,1347298
2017-02-27,1567808
2017-02-28,1588855
2017-03-01,1483325
2017-03-02,1618338
2017-03-03,1607085
2017-03-04,1432586
2017-03-05,1320766
2017-03-06,1572453
2017-03-07,1663282
2017-03-08,1662485
2017-03-09,1624781
2017-03-10,1591483
2017-03-11,1430177
2017-03-12,1301075
2017-03-13,1510279
2017-03-14,1557625
2017-03-15,1557636
2017-03-16,1556150
2017-03-17,1539524
2017-03-18,1397113
2017-03-19,1273770
2017-03-20,1501738
2017-03-21,1519363
2017-03-22,1529605
2017-03-23,1515910
2017-03-24,1516142
2017-03-25,1393163
2017-03-26,1278932
2017-03-27,1506562
2017-03-28,1536140
2017-03-29,1527680
2017-03-30,1499626
2017-03-31,1516241
2017-04-01,1368643
2017-04-02,1255849
2017-04-03,1441046
2017-04-04,1476311
2017-04-05,1505948
2017-04-06,1509428
2017-04-07,1454839
2017-04-08,1318593
2017-04-09,1217635
2017-04-10,1395290
2017-04-11,1449791
2017-04-12,1444179
2017-04-13,1446476
2017-04-14,1447132
2017-04-15,1303050
2017-04-16,1201721
2017-04-17,1408684
2017-04-18,1440061
2017-04-19,1425005
2017-04-20,1455301
2017-04-21,1429125
2017-04-22,1310301
2017-04-23,1207444
2017-04-24,1381056
2017-04-25,1435757
2017-04-26,1421096
2017-04-27,1423749
2017-04-28,1417944
2017-04-29,1294240
2017-04-30,1198821
2017-05-01,1249329
2017-05-02,1357610
2017-05-03,1329751
2017-05-04,1336545
2017-05-05,1272625
2017-05-06,1192332
2017-05-07,1161087
2017-05-08,1355326
2017-05-09,1363236
2017-05-10,1425352
2017-05-11,1435325
2017-05-12,1452236
2017-05-13,1318659
2017-05-14,1192411
2017-05-15,1376362
2017-05-16,1424392
2017-05-17,1435561
2017-05-18,1443910
2017-05-19,1444036
2017-05-20,1316763
2017-05-21,1215459
2017-05-22,1407306
2017-05-23,1459397
2017-05-24,1464629
2017-05-25,1450704
2017-05-26,1419079
2017-05-27,1302181
2017-05-28,1207039
2017-05-29,1432175
2017-05-30,1480903
2017-05-31,1473342
2017-06-01,1471385
2017-06-02,1424787
2017-06-03,1296688
2017-06-04,1196167
2017-06-05,1373311
2017-06-06,1354972
2017-06-07,1433612
2017-06-08,1443077
2017-06-09,1451129
2017-06-10,1326010
2017-06-11,1213066
2017-06-12,1399978
2017-06-13,1455240
2017-06-14,1461739
2017-06-15,1488271
2017-06-16,1501728
2017-06-17,1362687
2017-06-18,1260211
2017-06-19,1476030
2017-06-20,1534040
2017-06-21,1531726
2017-06-22,1538688
2017-06-23,1551713
2017-06-24,1396232
2017-06-25,1285811
2017-06-26,1486652
2017-06-27,1537272
2017-06-28,1550800
2017-06-29,1564474
2017-06-30,1563687
2017-07-01,1425887
2017-07-02,1350900
2017-07-03,1563552
2017-07-04,1626880
2017-07-05,1627865
2017-07-06,1651261
2017-07-07,1645706
2017-07-08,1500598
2017-07-09,1400660
2017-07-10,1604829
2017-07-11,1657460
2017-07-12,1673260
2017-07-13,1691635
2017-07-14,1704196
2017-07-15,1514766
2017-07-16,1411973
2017-07-17,1633349
2017-07-18,1674259
2017-07-19,1708043
2017-07-20,1750405
2017-07-21,1774053
2017-07-22,1627950
2017-07-23,1482052
2017-07-24,1684392
2017-07-25,1728245
2017-07-26,1675112
2017-07-27,1649228
2017-07-28,1645497
2017-07-29,1468085
2017-07-30,1373433
2017-07-31,1470070
2017-08-01,1506305
2017-08-02,1538783
2017-08-03,1555635
2017-08-04,1599470
2017-08-05,1562334
2017-08-06,1507678
2017-08-07,1707756
2017-08-08,1730134
2017-08-09,1692601
2017-08-10,1680081
2017-08-11,1673668
2017-08-12,1510978
2017-08-13,1365745
2017-08-14,1521500
2017-08-15,1475159
2017-08-16,1582546
2017-08-17,1618597
2017-08-18,1624256
2017-08-19,1483343
2017-08-20,1365844
2017-08-21,1605738
2017-08-22,1679540
2017-08-23,1723844
2017-08-24,1730947
2017-08-25,1651506
2017-08-26,1421374
2017-08-27,1299697
2017-08-28,1529696
2017-08-29,1526725
2017-08-30,1492195
2017-08-31,1503378
2017-09-01,1506136
2017-09-02,1374223
2017-09-03,1271172
2017-09-04,1486762
2017-09-05,1534551
2017-09-06,1531919
2017-09-07,1525029
2017-09-08,1542102
2017-09-09,1412626
2017-09-10,1299028
2017-09-11,1486996
2017-09-12,1529258
2017-09-13,1501174
2017-09-14,1508700
2017-09-15,1493605
2017-09-16,1364937
2017-09-17,1268003
2017-09-18,1470484
2017-09-19,1544888
2017-09-20,1498778
2017-09-21,1494595
2017-09-22,1500726
2017-09-23,1392911
2017-09-24,1291261
2017-09-25,1493318
2017-09-26,1542824
2017-09-27,1530130
2017-09-28,1489824
2017-09-29,1434756
2017-09-30,1331898
2017-10-01,1269790
2017-10-02,1251897
2017-10-03,1106856
2017-10-04,1015783
2017-10-05,1057831
2017-10-06,1133931
2017-10-07,1184115
2017-10-08,1211970
2017-10-09,1340050
2017-10-10,1478635
2017-10-11,1488575
2017-10-12,1477843
2017-10-13,1457782
2017-10-14,1355253
2017-10-15,1258447
2017-10-16,1441146
2017-10-17,1478307
2017-10-18,1494301
2017-10-19,1486393
2017-10-20,1471828
2017-10-21,1353293
2017-10-22,1243563
2017-10-23,1423309
2017-10-24,1478747
2017-10-25,1476962
2017-10-26,1480355
2017-10-27,1470375
2017-10-28,1348846
2017-10-29,1242463
2017-10-30,1441013
2017-10-31,1487188
2017-11-01,1479052
2017-11-02,1483639
2017-11-03,1487590
2017-11-04,1365766
2017-11-05,1269839
2017-11-06,1463922
2017-11-07,1506180
2017-11-08,1485575
2017-11-09,1497051
2017-11-10,1509727
2017-11-11,1382747
2017-11-12,1293142
2017-11-13,1513378
2017-11-14,1545432
2017-11-15,1581741
2017-11-16,1605697
2017-11-17,1626475
2017-11-18,1480720
2017-11-19,1389170
2017-11-20,1628404
2017-11-21,1670823
2017-11-22,1662175
2017-11-23,1678533
2017-11-24,1684432
2017-11-25,1511860
2017-11-26,1376435
2017-11-27,1615985
2017-11-28,1642737
2017-11-29,1628947
2017-11-30,1674615
2017-12-01,1691093
2017-12-02,1519505
2017-12-03,1392043
2017-12-04,1654382
2017-12-05,1753207
2017-12-06,1731170
2017-12-07,1722531
2017-12-08,1750415
2017-12-09,1564711
2017-12-10,1440591
2017-12-11,1758221
2017-12-12,1834577
2017-12-13,1832812
2017-12-14,1840515
2017-12-15,1801101
2017-12-16,1611527
2017-12-17,1513702
2017-12-18,1768179
2017-12-19,1803807
2017-12-20,1802867
2017-12-21,1780137
2017-12-22,1738168
2017-12-23,1532036
2017-12-24,1425425
2017-12-25,1477804
2017-12-26,1735288
2017-12-27,1796024
2017-12-28,1779375
2017-12-29,1675095
2017-12-30,1486375
2017-12-31,1374501
2018-01-01,1353187
2018-01-02,1670916
2018-01-03,1760721
2018-01-04,1798103
2018-01-05,1761090
2018-01-06,1576809
2018-01-07,1478994
2018-01-08,1721779
2018-01-09,1792973
2018-01-10,1815982
2018-01-11,1864695
2018-01-12,1868776
2018-01-13,1646536
2018-01-14,1488055
2018-01-15,1690342
2018-01-16,1753320
2018-01-17,1720821
2018-01-18,1717556
2018-01-19,1713464
2018-01-20,1550008
2018-01-21,1442790
2018-01-22,1695997
2018-01-23,1836004
2018-01-24,1888332
2018-01-25,1910215
2018-01-26,1910106
2018-01-27,1694927
2018-01-28,1534962
2018-01-29,1835092
2018-01-30,1872284
2018-01-31,1835830
2018-02-01,1812748
2018-02-02,1812136
2018-02-03,1658220
2018-02-04,1568949
2018-02-05,1859383
2018-02-06,1914480
2018-02-07,1894390
2018-02-08,1865991
2018-02-09,1799535
2018-02-10,1619109
2018-02-11,1549385
2018-02-12,1823918
2018-02-13,1797776
2018-02-14,1649436
2018-02-15,1339174
2018-02-16,1219654
2018-02-17,1272505
2018-02-18,1340319
2018-02-19,1621543
2018-02-20,1706514
2018-02-21,1724667
2018-02-22,1728076
2018-02-23,1694759
2018-02-24,1514857
2018-02-25,1406963
2018-02-26,1625975
2018-02-27,1673391
2018-02-28,1685883
2018-03-01,1553536
2018-03-02,1644504
2018-03-03,1450781
2018-03-04,1337053
2018-03-05,1598519
2018-03-06,1622439
2018-03-07,1647065
2018-03-08,1681793
2018-03-09,1646295
2018-03-10,1462837
2018-03-11,1334810
2018-03-12,1544217
2018-03-13,1547582
2018-03-14,1508900
2018-03-15,1557614
2018-03-16,1569461
2018-03-17,1410584
2018-03-18,1322823
2018-03-19,1550032
2018-03-20,1604793
2018-03-21,1675830
2018-03-22,1599283
2018-03-23,1572464
2018-03-24,1409533
2018-03-25,1286156
2018-03-26,1478796
2018-03-27,1507733
2018-03-28,1487801
2018-03-29,1493955
2018-03-30,1476058
2018-03-31,1335968
2018-04-01,1250471
2018-04-02,1422775
2018-04-03,1475732
2018-04-04,1501451
2018-04-05,1543934
2018-04-06,1527282
2018-04-07,1405561
2018-04-08,1295753
2018-04-09,1471032
2018-04-10,1494575
2018-04-11,1469363
2018-04-12,1479636
2018-04-13,1486403
2018-04-14,1395555
2018-04-15,1251643
2018-04-16,1432697
2018-04-17,1478969
2018-04-18,1473663
2018-04-19,1479490
2018-04-20,1470348
2018-04-21,1329444
2018-04-22,1255732
2018-04-23,1483866
2018-04-24,1516558
2018-04-25,1468809
2018-04-26,1464496
2018-04-27,1451617
2018-04-28,1317097
2018-04-29,1226206
2018-04-30,1398453
2018-05-01,1359447
2018-05-02,1471261
2018-05-03,1470155
2018-05-04,1446936
2018-05-05,1287416
2018-05-06,1240228
2018-05-07,1340548
2018-05-08,1441295
2018-05-09,1458494
2018-05-10,1461843
2018-05-11,1454842
2018-05-12,1364860
2018-05-13,1239650
2018-05-14,1424155
2018-05-15,1499477
2018-05-16,1549763
2018-05-17,1565073
2018-05-18,1519103
2018-05-19,1334005
2018-05-20,1224580
2018-05-21,1381526
2018-05-22,1371509
2018-05-23,1433160
2018-05-24,1459692
2018-05-25,1455310
2018-05-26,1335663
2018-05-27,1245288
2018-05-28,1458695
2018-05-29,1517117
2018-05-30,1519420
2018-05-31,1490150
2018-06-01,1497966
2018-06-02,1362333
2018-06-03,1267996
2018-06-04,1472190
2018-06-05,1525421
2018-06-06,1441256
2018-06-07,1530056
2018-06-08,1523383
2018-06-09,1373656
2018-06-10,1258147
2018-06-11,1442756
2018-06-12,1494921
2018-06-13,1433244
2018-06-14,1484977
2018-06-15,1484017
2018-06-16,1347054
2018-06-17,1275768
2018-06-18,1502939
2018-06-19,1547291
2018-06-20,1543256
2018-06-21,1546515
2018-06-22,1551550
2018-06-23,1401319
2018-06-24,1321979
2018-06-25,1556993
2018-06-26,1601396
2018-06-27,1590814
2018-06-28,1590963
2018-06-29,1587679
2018-06-30,1443363
2018-07-01,1336340
2018-07-02,1553552
2018-07-03,1624878
2018-07-04,1646317
2018-07-05,1636050
2018-07-06,1573721
2018-07-07,1378858
2018-07-08,1279259
2018-07-09,1493422
2018-07-10,1599624
2018-07-11,1666126
2018-07-12,1705500
2018-07-13,1714881
2018-07-14,1559509
2018-07-15,1476020
2018-07-16,1730656
2018-07-17,1779885
2018-07-18,1792395
2018-07-19,1802460
2018-07-20,1812823
2018-07-21,1663950
2018-07-22,1570571
2018-07-23,1824384
2018-07-24,1903235
2018-07-25,1884016
2018-07-26,1885894
2018-07-27,1886728
2018-07-28,1682758
2018-07-29,1553043
2018-07-30,1703040
2018-07-31,1731021
2018-08-01,1725928
2018-08-02,1730968
2018-08-03,1731629
2018-08-04,1626587
2018-08-05,1590013
2018-08-06,1812086
2018-08-07,1848030
2018-08-08,1850628
2018-08-09,1847801
2018-08-10,1832814
2018-08-11,1653529
2018-08-12,1557841
2018-08-13,1837505
2018-08-14,1893702
2018-08-15,1777196
2018-08-16,1818536
2018-08-17,1675510
2018-08-18,1490366
2018-08-19,1415599
2018-08-20,1690859
2018-08-21,1739126
2018-08-22,1795701
2018-08-23,1776730
2018-08-24,1695532
2018-08-25,1508742
2018-08-26,1372945
2018-08-27,1597866
2018-08-28,1675547
2018-08-29,1688143
2018-08-30,1716632
2018-08-31,1658172
2018-09-01,1465526
2018-09-02,1342280
2018-09-03,1600510
2018-09-04,1616615
2018-09-05,1596157
2018-09-06,1615780
2018-09-07,1574052
2018-09-08,1392652
2018-09-09,1285838
2018-09-10,1496747
2018-09-11,1534697
2018-09-12,1548808
2018-09-13,1582835
2018-09-14,1582932
2018-09-15,1453453
2018-09-16,1354705
2018-09-17,1521053
2018-09-18,1557142
2018-09-19,1559948
2018-09-20,1556914
2018-09-21,1508118
2018-09-22,1302361
2018-09-23,1149754
2018-09-24,1048765
2018-09-25,1081454
2018-09-26,1180594
2018-09-27,1373632
2018-09-28,1455610
2018-09-29,1355958
2018-09-30,1254090
2018-10-01,1416200
2018-10-02,1449681
2018-10-03,1393817
2018-10-04,1467206
2018-10-05,1506613
2018-10-06,1374480
2018-10-07,1247353
2018-10-08,1403102
2018-10-09,1417936
2018-10-10,1466642
2018-10-11,1480608
2018-10-12,1476698
2018-10-13,1342073
2018-10-14,1252669
2018-10-15,1439514
2018-10-16,1498625
2018-10-17,1482918
2018-10-18,1492041
2018-10-19,1475800
2018-10-20,1343895
2018-10-21,1253110
2018-10-22,1447862
2018-10-23,1506166
2018-10-24,1483356
2018-10-25,1489699
2018-10-26,1516962
2018-10-27,1366303
2018-10-28,1278153
2018-10-29,1484928
2018-10-30,1539378
2018-10-31,1538906
2018-11-01,1538631
2018-11-02,1524114
2018-11-03,1374921
2018-11-04,1282987
2018-11-05,1473296
2018-11-06,1526183
2018-11-07,1542654
2018-11-08,1555608
2018-11-09,1525326
2018-11-10,1369753
2018-11-11,1305448
2018-11-12,1482230
2018-11-13,1540567
2018-11-14,1541837
2018-11-15,1545494
2018-11-16,1560017
2018-11-17,1405179
2018-11-18,1339781
2018-11-19,1536301
2018-11-20,1593582
2018-11-21,1626093
2018-11-22,1626009
2018-11-23,1634929
2018-11-24,1493705
2018-11-25,1361821
2018-11-26,1579068
2018-11-27,1623112
2018-11-28,1628917
2018-11-29,1657878
2018-11-30,1626040
2018-12-01,1465097
2018-12-02,1363363
2018-12-03,1570718
2018-12-04,1614895
2018-12-05,1663796
2018-12-06,1675102
2018-12-07,1770608
2018-12-08,1615965
2018-12-09,1511617
2018-12-10,1760785
2018-12-11,1813221
2018-12-12,1791424
2018-12-13,1809043
2018-12-14,1802739
2018-12-15,1609454
2018-12-16,1500600
2018-12-17,1721676
2018-12-18,1756344
2018-12-19,1721897
2018-12-20,1724710
2018-12-21,1701436
2018-12-22,1503294
2018-12-23,1403182
2018-12-24,1652532
2018-12-25,1567833
2018-12-26,1704440
2018-12-27,1816811
2018-12-28,1838407
2018-12-29,1632186
2018-12-30,1519762
2018-12-31,1620768
2019-01-01,1464754
2019-01-02,1751790
2019-01-03,1812286
2019-01-04,1816489
2019-01-05,1603560
2019-01-06,1496808
2019-01-07,1758832
2019-01-08,1806298
2019-01-09,1828614
2019-01-10,1798686
2019-01-11,1740988
2019-01-12,1554800
2019-01-13,1445635
2019-01-14,1709840
2019-01-15,1768470
2019-01-16,1808373
2019-01-17,1779289
2019-01-18,1747092
2019-01-19,1556186
2019-01-20,1445156
2019-01-21,1732835
2019-01-22,1740928
2019-01-23,1726431
2019-01-24,1730819
2019-01-25,1745117
2019-01-26,1581356
2019-01-27,1462485
2019-01-28,1693984
2019-01-29,1747271
2019-01-30,1723573
2019-01-31,1768798
2019-02-01,1720939
2019-02-02,1490813
2019-02-03,1385719
2019-02-04,1264309
2019-02-05,1179729
2019-02-06,1240426
2019-02-07,1538824
2019-02-08,1688411
2019-02-09,1561176
2019-02-10,1481470
2019-02-11,1720417
2019-02-12,1752159
2019-02-13,1741343
2019-02-14,1740425
2019-02-15,1738624
2019-02-16,1549386
2019-02-17,1425797
2019-02-18,1696325
2019-02-19,1745867
2019-02-20,1709477
2019-02-21,1685047
2019-02-22,1664582
2019-02-23,1472166
2019-02-24,1356511
2019-02-25,1580824
2019-02-26,1614700
2019-02-27,1615125
2019-02-28,1589543
2019-03-01,1456418
2019-03-02,1389077
2019-03-03,1325822
2019-03-04,1530410
2019-03-05,1606638
2019-03-06,1593306
2019-03-07,1590941
2019-03-08,1576326
2019-03-09,1426891
2019-03-10,1342958
2019-03-11,1562145
2019-03-12,1625908
2019-03-13,1633237
2019-03-14,1619902
2019-03-15,1612192
2019-03-16,1433919
2019-03-17,1314805
2019-03-18,1542081
2019-03-19,1554617
2019-03-20,1583290
2019-03-21,1571657
2019-03-22,1563788
2019-03-23,1428732
2019-03-24,1307666
2019-03-25,1538692
2019-03-26,1532122
2019-03-27,1524786
2019-03-28,1521371
2019-03-29,1498086
2019-03-30,1381416
2019-03-31,1300059
2019-04-01,1511693
2019-04-02,1549766
2019-04-03,1542698
2019-04-04,1532027
2019-04-05,1516751
2019-04-06,1368565
2019-04-07,1275422
2019-04-08,1448415
2019-04-09,1546073
2019-04-10,1580975
2019-04-11,1528811
2019-04-12,1480687
2019-04-13,1329010
2019-04-14,1276408
2019-04-15,1440310
2019-04-16,1480344
2019-04-17,1461533
2019-04-18,1472455
2019-04-19,1481473
2019-04-20,1316042
2019-04-21,1244740
2019-04-22,1405922
2019-04-23,1484950
2019-04-24,1484472
2019-04-25,1498457
2019-04-26,1510114
2019-04-27,1300642
2019-04-28,1237232
2019-04-29,1468033
2019-04-30,1468297
2019-05-01,1332219
2019-05-02,1413962
2019-05-03,1420561
2019-05-04,1287097
2019-05-05,1199670
2019-05-06,1279604
2019-05-07,1407341
2019-05-08,1441032
2019-05-09,1438468
2019-05-10,1433388
2019-05-11,1299409
2019-05-12,1212374
2019-05-13,1403210
2019-05-14,1457005
2019-05-15,1471441
2019-05-16,1491406
2019-05-17,1495209
2019-05-18,1346507
2019-05-19,1267607
2019-05-20,1408752
2019-05-21,1438408
2019-05-22,1450786
2019-05-23,1475048
2019-05-24,1496716
2019-05-25,1347981
2019-05-26,1252016
2019-05-27,1459427
2019-05-28,1449554
2019-05-29,1460188
2019-05-30,1470652
2019-05-31,1439268
2019-06-01,1293487
2019-06-02,1222883
2019-06-03,1430019
2019-06-04,1499924
2019-06-05,1511470
2019-06-06,1437828
2019-06-07,1444180
2019-06-08,1304261
2019-06-09,1228566
2019-06-10,1418790
2019-06-11,1467607
2019-06-12,1476794
2019-06-13,1489186
2019-06-14,1503835
2019-06-15,1337537
2019-06-16,1252670
2019-06-17,1448638
2019-06-18,1515243
2019-06-19,1526017
2019-06-20,1538095
2019-06-21,1527972
2019-06-22,1361108
2019-06-23,1264719
2019-06-24,1489096
2019-06-25,1554764
2019-06-26,1560428
2019-06-27,1583298
2019-06-28,1565148
2019-06-29,1399658
2019-06-30,1310387
2019-07-01,1527080
2019-07-02,1565316
2019-07-03,1573827
2019-07-04,1588099
2019-07-05,1605679
2019-07-06,1449924
2019-07-07,1340036
2019-07-08,1532689
2019-07-09,1585835
2019-07-10,1570083
2019-07-11,1574431
2019-07-12,1563738
2019-07-13,1418864
2019-07-14,1335838
2019-07-15,1561466
2019-07-16,1620923
2019-07-17,1638415
2019-07-18,1658333
2019-07-19,1684791
2019-07-20,1523913
2019-07-21,1419093
2019-07-22,1655306
2019-07-23,1740719
2019-07-24,1738587
2019-07-25,1742655
2019-07-26,1715837
2019-07-27,1576892
2019-07-28,1468036
2019-07-29,1650927
2019-07-30,1707974
2019-07-31,1675873
2019-08-01,1645812
2019-08-02,1645749
2019-08-03,1534761
2019-08-04,1484705
2019-08-05,1682057
2019-08-06,1716020
2019-08-07,1684447
2019-08-08,1739235
2019-08-09,1758555
2019-08-10,1639043
2019-08-11,1549874
2019-08-12,1780825
2019-08-13,1850875
2019-08-14,1860446
2019-08-15,1672453
2019-08-16,1702459
2019-08-17,1520813
2019-08-18,1399424
2019-08-19,1646479
2019-08-20,1720922
2019-08-21,1733999
2019-08-22,1734987
2019-08-23,1677972
2019-08-24,1460676
2019-08-25,1355039
2019-08-26,1603183
2019-08-27,1660527
2019-08-28,1663067
2019-08-29,1634108
2019-08-30,1575247
2019-08-31,1412315
2019-09-01,1330515
2019-09-02,1568432
2019-09-03,1633997
2019-09-04,1647139
2019-09-05,1660914
2019-09-06,1668220
2019-09-07,1506700
2019-09-08,1396386
2019-09-09,1623622
2019-09-10,1663834
2019-09-11,1560105
2019-09-12,1215126
2019-09-13,1069910
2019-09-14,1140409
2019-09-15,1204097
2019-09-16,1456032
2019-09-17,1524682
2019-09-18,1523397
2019-09-19,1507796
2019-09-20,1496706
2019-09-21,1371944
2019-09-22,1273985
2019-09-23,1432956
2019-09-24,1468434
2019-09-25,1487333
2019-09-26,1514038
2019-09-27,1511802
2019-09-28,1385756
2019-09-29,1278883
2019-09-30,1482567
2019-10-01,1557040
2019-10-02,1559116
2019-10-03,1438892
2019-10-04,1468281
2019-10-05,1337830
2019-10-06,1222547
2019-10-07,1434610
2019-10-08,1443425
2019-10-09,1367948
2019-10-10,1443857
2019-10-11,1436378
2019-10-12,1288273
2019-10-13,1205150
2019-10-14,1399014
2019-10-15,1454017
2019-10-16,1429805
2019-10-17,1440326
2019-10-18,1459823
2019-10-19,1304729
2019-10-20,1222016
2019-10-21,1402170
2019-10-22,1454554
2019-10-23,1472082
2019-10-24,1454107
2019-10-25,1441103
2019-10-26,1294102
2019-10-27,1208541
2019-10-28,1406727
2019-10-29,1459391
2019-10-30,1454743
2019-10-31,1461605
2019-11-01,1435241
2019-11-02,1306819
2019-11-03,1225841
2019-11-04,1409772
2019-11-05,1462586
2019-11-06,1464725
2019-11-07,1471023
2019-11-08,1485119
2019-11-09,1339155
2019-11-10,1281705
2019-11-11,1458270
2019-11-12,1515444
2019-11-13,1561871
2019-11-14,1567512
2019-11-15,1569618
2019-11-16,1386901
2019-11-17,1323235
2019-11-18,1520133
2019-11-19,1619187
2019-11-20,1627025
2019-11-21,1620082
2019-11-22,1550824
2019-11-23,1377827
2019-11-24,1283583
2019-11-25,1565175
2019-11-26,1573761
2019-11-27,1599441
2019-11-28,1600107
2019-11-29,1596180
2019-11-30,1424365
2019-12-01,1363039
2019-12-02,1601424
2019-12-03,1689357
2019-12-04,1661877
2019-12-05,1717742
2019-12-06,1757901
2019-12-07,1552859
2019-12-08,1425841
2019-12-09,1681425
2019-12-10,1672913
2019-12-11,1665898
2019-12-12,1697486
2019-12-13,1694308
2019-12-14,1483507
2019-12-15,1381999
2019-12-16,1593968
2019-12-17,1652105
2019-12-18,1663162
2019-12-19,1680630
2019-12-20,1691408
2019-12-21,1540559
2019-12-22,1413125
2019-12-23,1650600
2019-12-24,1666929
2019-12-25,1506865
2019-12-26,1678198
2019-12-27,1674305
2019-12-28,1484633
2019-12-29,1417354
2019-12-30,1594480
2019-12-31,1628602
2020-01-01,1412917
2020-01-02,1638358
2020-01-03,1669922
2020-01-04,1504317
2020-01-05,1406995
2020-01-06,1697955
2020-01-07,1698814
2020-01-08,1690200
2020-01-09,1697267
2020-01-10,1689085
2020-01-11,1515320
2020-01-12,1420828
2020-01-13,1687802
2020-01-14,1741968
2020-01-15,1740759
2020-01-16,1746414
2020-01-17,1721465
2020-01-18,1533000
2020-01-19,1452065
2020-01-20,1669794
2020-01-21,1709973
2020-01-22,1727945
2020-01-23,1580038
2020-01-24,1279940
2020-01-25,1182052
2020-01-26,1206268
2020-01-27,1314829
2020-01-28,1525850
2020-01-29,1610889
2020-01-30,1613906
2020-01-31,1621189
2020-02-01,1468221
2020-02-02,1365936
2020-02-03,1624222
2020-02-04,1683478
2020-02-05,1736037
2020-02-06,1761880
2020-02-07,1710869
2020-02-08,1492595
2020-02-09,1383452
2020-02-10,1596565
2020-02-11,1617909
2020-02-12,1641846
2020-02-13,1598347
2020-02-14,1549995
2020-02-15,1398650
2020-02-16,1391076
2020-02-17,1703712
2020-02-18,1711786
2020-02-19,1676058
2020-02-20,1614742
2020-02-21,1589122
2020-02-22,1409044
2020-02-23,1323673
2020-02-24,1523799
2020-02-25,1617914
2020-02-26,1558578
2020-02-27,1547581
2020-02-28,1599023
2020-02-29,1380887
2020-03-01,1311145
2020-03-02,1504175
2020-03-03,1549241
2020-03-04,1562788
2020-03-05,1575270
2020-03-06,1555043
2020-03-07,1417623
2020-03-08,1263061
2020-03-09,1501817
2020-03-10,1589970
2020-03-11,1544389
2020-03-12,1537627
2020-03-13,1525468
2020-03-14,1370209
2020-03-15,1289754
2020-03-16,1505158
2020-03-17,1544608
2020-03-18,1485430
2020-03-19,1498758
2020-03-20,1466534
2020-03-21,1309550
2020-03-22,1203412
2020-03-23,1404683
2020-03-24,1442186
2020-03-25,1441285
2020-03-26,1478444
2020-03-27,1457913
2020-03-28,1312770
2020-03-29,1206244
2020-03-30,1382439
2020-03-31,1418253
2020-04-01,1438281
2020-04-02,1437187
2020-04-03,1416490
2020-04-04,1270725
2020-04-05,1195209
2020-04-06,1390120
2020-04-07,1422836
2020-04-08,1418907
2020-04-09,1430437
2020-04-10,1428444
2020-04-11,1298144
2020-04-12,1228339
2020-04-13,1395081
2020-04-14,1406650
2020-04-15,1319100
2020-04-16,1374626
2020-04-17,1436643
2020-04-18,1241837
2020-04-19,1231015
2020-04-20,1396398
2020-04-21,1411247
2020-04-22,1433160
2020-04-23,1425415
2020-04-24,1398490
2020-04-25,1242313
2020-04-26,1159403
2020-04-27,1346629
2020-04-28,1365253
2020-04-29,1340677
2020-04-30,1231188
2020-05-01,1162484
2020-05-02,1163506
2020-05-03,1162612
2020-05-04,1235919
2020-05-05,1244222
2020-05-06,1325293
2020-05-07,1359597
2020-05-08,1352856
2020-05-09,1272825
2020-05-10,1184139
2020-05-11,1317832
2020-05-12,1363889
2020-05-13,1351107
2020-05-14,1369542
2020-05-15,1403938
2020-05-16,1243897
2020-05-17,1163305
2020-05-18,1362955
2020-05-19,1386475
2020-05-20,1353513
2020-05-21,1344083
2020-05-22,1340965
2020-05-23,1209463
2020-05-24,1173529
2020-05-25,1341203
2020-05-26,1371073
2020-05-27,1347015
2020-05-28,1351015
2020-05-29,1342428
2020-05-30,1216668
2020-05-31,1150788
2020-06-01,1323834
2020-06-02,1383484
2020-06-03,1419314
2020-06-04,1438456
2020-06-05,1427809
2020-06-06,1270177
2020-06-07,1184914
2020-06-08,1423133
2020-06-09,1504631
2020-06-10,1527290
2020-06-11,1524173
2020-06-12,1514128
2020-06-13,1348891
2020-06-14,1255514
2020-06-15,1414998
2020-06-16,1466871
2020-06-17,1491526
2020-06-18,1473029
2020-06-19,1439028
2020-06-20,1294673
2020-06-21,1223438
2020-06-22,1479790
2020-06-23,1533813
2020-06-24,1511504
2020-06-25,1500089
2020-06-26,1441048
2020-06-27,1302285
2020-06-28,1225658
2020-06-29,1456587
2020-06-30,1449689
2020-07-01,1436026
2020-07-02,1475667
2020-07-03,1487101
2020-07-04,1306139
2020-07-05,1247706
2020-07-06,1490475
2020-07-07,1539271
2020-07-08,1543269
2020-07-09,1574066
2020-07-10,1559190
2020-07-11,1383647
2020-07-12,1290467
2020-07-13,1456277
2020-07-14,1479992
2020-07-15,1487583
2020-07-16,1501154
2020-07-17,1507198
2020-07-18,1361624
2020-07-19,1314342
2020-07-20,1543722
2020-07-21,1562888
2020-07-22,1580061
2020-07-23,1554312
2020-07-24,1506203
2020-07-25,1354179
2020-07-26,1283642
2020-07-27,1509182
2020-07-28,1555662
2020-07-29,1572550
2020-07-30,1561706
2020-07-31,1538267
